min_f_interval,max_f_interval,mean_f_interval,median_f_interval
0.04040404040404022,0.040404040404040664,0.04040404040404041,0.04040404040404044
